{"mapId": "1354291518018142209", "sampling_points": [[114.5239, 30.506186], [114.524385, 30.506213], [114.524173, 30.506304]], "path_points": [[114.5239, 30.506186], [114.524385, 30.506213], [114.524173, 30.506304]]}