{"mapId": "1434770242236428290", "sampling_points": [[114.52376, 30.505685]], "path_points": [[114.523756, 30.505687]]}