{"mapId": "1434770242236428290", "sampling_points": [[114.525076, 30.505505], [114.525364, 30.505697], [114.525673, 30.505429], [114.525907, 30.505724], [114.525975, 30.505711]], "path_points": [[114.525068, 30.505513], [114.525358, 30.505698], [114.52567, 30.505439], [114.525895, 30.505726], [114.52597, 30.505716]], "draw_points": [[114.525353, 30.505687, 1, 0.1, 200.0], [114.525094, 30.505517, 3, 0.1, 500.0], [114.525885, 30.505719, 2, 0.1, 200.0], [114.525684, 30.505444, 4, 0.1, 500.0], [114.525687, 30.505416, 4, 0.1, 500.0], [114.525894, 30.505708, 2, 0.1, 200.0], [114.525952, 30.505715, 2, 0.1, 500.0], [114.525952, 30.505715, 3, 0.1, 200.0], [114.525952, 30.505715, 3, 0.1, 200.0], [114.525972, 30.505692, 4, 0.1, 500.0], [114.525385, 30.505699, 1, 0.1, 200.0], [114.525095, 30.505519, 3, 0.1, 500.0], [114.525095, 30.505519, 3, 0.1, 500.0], [114.525347, 30.505684, 1, 0.1, 200.0], [114.525719, 30.505465, 4, 0.1, 500.0], [114.525919, 30.50572, 2, 0.1, 200.0], [114.525954, 30.505716, 2, 0.1, 500.0], [114.525954, 30.505716, 3, 0.1, 200.0], [114.525954, 30.505716, 4, 0.1, 500.0]]}