{"mapId": "1397858718729355265", "sampling_points": [[114.525756, 30.506273]], "path_points": [[114.523807, 30.506157], [114.524645, 30.506139], [114.524774, 30.506046], [114.52486, 30.506028], [114.524881, 30.506028], [114.524989, 30.506009], [114.52501, 30.506009], [114.525333, 30.506028], [114.525376, 30.506046], [114.525419, 30.506065], [114.52559, 30.506194], [114.525612, 30.506213], [114.525633, 30.506213], [114.525655, 30.506231], [114.525676, 30.506231], [114.525698, 30.50625], [114.525719, 30.50625], [114.525741, 30.506268], [114.525762, 30.506268]]}