{"mapId": "1434770242236428290", "sampling_points": [], "path_points": [], "draw_points": [[114.524096, 30.506853, 1, 0.1, 200], [114.524093, 30.506, 1, 0.1, 200], [114.524153, 30.505991, 1, 0.1, 200]], "bottle_info": [1, 0.1, 200]}