{"mapId": "1434770242236428290", "sampling_points": [], "path_points": [], "draw_points": [[114.524096, 30.506853, 1, 0.1, 1000], [114.523728, 30.506299, 1, 0.1, 200]], "bottle_info": [1, 0.1, 200]}