{"mapId": "1434770242236428290", "sampling_points": [[114.523524, 30.505707]], "path_points": [[114.523524, 30.505709]]}