{"mapId": "1397858718729355265", "sampling_points": [[114.523965, 30.506743], [114.52614, 30.506119], [114.523965, 30.506119], [114.52324, 30.506119], [114.522515, 30.506119], [114.52179, 30.506119], [114.522515, 30.505494], [114.52324, 30.505494], [114.523965, 30.505494], [114.52469, 30.505494], [114.525415, 30.505494], [114.525415, 30.504869], [114.52469, 30.504869], [114.523965, 30.504869], [114.52324, 30.504869], [114.523965, 30.504245], [114.52469, 30.504245]], "path_points": [[114.523965, 30.506743], [114.523981, 30.506729], [114.524002, 30.506711], [114.524024, 30.506692], [114.524045, 30.506674], [114.524067, 30.506655], [114.524088, 30.506637], [114.52411, 30.506618], [114.524131, 30.5066], [114.524153, 30.506581], [114.524174, 30.506563], [114.524196, 30.506544], [114.524196, 30.506526], [114.524196, 30.506507], [114.524217, 30.506489], [114.524217, 30.50647], [114.524239, 30.506452], [114.52426, 30.506433], [114.524282, 30.506415], [114.524303, 30.506396], [114.524325, 30.506378], [114.524346, 30.506359], [114.524368, 30.506341], [114.524368, 30.506322], [114.524368, 30.506304], [114.524368, 30.506285], [114.524368, 30.506267], [114.524389, 30.506248], [114.52441, 30.50623], [114.524432, 30.506211], [114.524453, 30.506193], [114.524475, 30.506174], [114.524496, 30.506156], [114.524518, 30.506137], [114.524539, 30.506119], [114.524561, 30.5061], [114.524582, 30.506082], [114.524604, 30.506063], [114.524604, 30.506045], [114.524625, 30.506026], [114.524647, 30.506008], [114.524668, 30.505989], [114.52469, 30.505989], [114.524711, 30.505971], [114.524733, 30.505971], [114.524754, 30.505971], [114.524776, 30.505952], [114.524797, 30.505952], [114.524819, 30.505952], [114.52484, 30.505952], [114.524862, 30.505952], [114.524883, 30.505952], [114.524905, 30.505952], [114.524926, 30.505934], [114.524948, 30.505934], [114.524969, 30.505934], [114.52499, 30.505934], [114.525012, 30.505934], [114.525033, 30.505934], [114.525055, 30.505934], [114.525076, 30.505934], [114.525098, 30.505934], [114.525119, 30.505934], [114.525141, 30.505934], [114.525162, 30.505934], [114.525184, 30.505934], [114.525205, 30.505934], [114.525227, 30.505934], [114.525248, 30.505934], [114.52527, 30.505934], [114.525291, 30.505934], [114.525313, 30.505934], [114.525334, 30.505934], [114.525356, 30.505934], [114.525377, 30.505934], [114.525399, 30.505934], [114.52542, 30.505934], [114.525442, 30.505934], [114.525463, 30.505934], [114.525485, 30.505934], [114.525506, 30.505934], [114.525528, 30.505934], [114.525549, 30.505934], [114.52557, 30.505934], [114.525592, 30.505934], [114.525613, 30.505934], [114.525635, 30.505934], [114.525656, 30.505934], [114.525678, 30.505934], [114.525699, 30.505934], [114.525721, 30.505952], [114.525742, 30.505952], [114.525764, 30.505971], [114.525785, 30.505971], [114.525807, 30.505989], [114.525828, 30.505989], [114.52585, 30.506008], [114.525871, 30.506008], [114.525893, 30.506026], [114.525914, 30.506026], [114.525936, 30.506026], [114.525957, 30.506045], [114.525979, 30.506045], [114.526, 30.506063], [114.526022, 30.506063], [114.526043, 30.506082], [114.526065, 30.506082], [114.526086, 30.5061], [114.526108, 30.5061], [114.526129, 30.506119], [114.52615, 30.506119], [114.52615, 30.506119], [114.526129, 30.506119], [114.526108, 30.506119], [114.526086, 30.506119], [114.526065, 30.506119], [114.526043, 30.506119], [114.526022, 30.506119], [114.526, 30.5061], [114.525979, 30.506082], [114.525957, 30.506082], [114.525936, 30.506082], [114.525914, 30.506082], [114.525893, 30.506082], [114.525871, 30.506082], [114.52585, 30.506082], [114.525828, 30.506082], [114.525807, 30.506063], [114.525785, 30.506063], [114.525764, 30.506063], [114.525742, 30.506063], [114.525721, 30.506063], [114.525699, 30.506063], [114.525678, 30.506063], [114.525656, 30.506063], [114.525635, 30.506063], [114.525613, 30.506063], [114.525592, 30.506063], [114.52557, 30.506063], [114.525549, 30.506063], [114.525528, 30.506045], [114.525506, 30.506026], [114.525485, 30.506008], [114.525463, 30.505989], [114.525442, 30.505971], [114.52542, 30.505971], [114.525399, 30.505952], [114.525377, 30.505952], [114.525356, 30.505934], [114.525334, 30.505934], [114.525313, 30.505934], [114.525291, 30.505934], [114.52527, 30.505934], [114.525248, 30.505934], [114.525227, 30.505934], [114.525205, 30.505934], [114.525184, 30.505934], [114.525162, 30.505934], [114.525141, 30.505934], [114.525119, 30.505934], [114.525098, 30.505934], [114.525076, 30.505934], [114.525055, 30.505934], [114.525033, 30.505934], [114.525012, 30.505934], [114.52499, 30.505934], [114.524969, 30.505934], [114.524948, 30.505934], [114.524926, 30.505934], [114.524905, 30.505934], [114.524883, 30.505934], [114.524862, 30.505934], [114.52484, 30.505934], [114.524819, 30.505934], [114.524797, 30.505934], [114.524776, 30.505934], [114.524754, 30.505934], [114.524733, 30.505934], [114.524711, 30.505934], [114.52469, 30.505934], [114.524668, 30.505934], [114.524647, 30.505934], [114.524625, 30.505934], [114.524604, 30.505934], [114.524582, 30.505934], [114.524561, 30.505934], [114.524539, 30.505934], [114.524518, 30.505934], [114.524496, 30.505934], [114.524475, 30.505934], [114.524453, 30.505934], [114.524432, 30.505934], [114.52441, 30.505952], [114.524389, 30.505952], [114.524368, 30.505971], [114.524346, 30.505971], [114.524325, 30.505989], [114.524303, 30.505989], [114.524282, 30.506008], [114.52426, 30.506008], [114.524239, 30.506026], [114.524217, 30.506026], [114.524196, 30.506026], [114.524174, 30.506045], [114.524153, 30.506045], [114.524131, 30.506063], [114.52411, 30.506063], [114.524088, 30.506082], [114.524067, 30.506082], [114.524045, 30.5061], [114.524024, 30.5061], [114.524002, 30.506119], [114.523981, 30.506119], [114.52324, 30.506119], [114.522515, 30.506119], [114.52179, 30.506119], [114.522515, 30.505499], [114.52324, 30.505499], [114.523965, 30.505499], [114.524684, 30.505499], [114.525409, 30.505499], [114.525409, 30.504874], [114.52469, 30.504874], [114.523965, 30.504874], [114.523234, 30.504874], [114.523965, 30.504249], [114.52469, 30.504249]]}