{"mapId": "1433665418824626178", "sampling_points": [[114.523748, 30.506334]], "path_points": [[114.52374, 30.506341]]}