{"mapId": "1434770242236428290", "sampling_points": [[114.43615, 30.542643], [114.43615, 30.542643], [114.43615, 30.542643], [114.670973, 30.572209], [114.670973, 30.572209], [114.670973, 30.572209]], "path_points": [[114.435931, 30.542017], [114.435931, 30.542017], [114.435931, 30.542017], [114.671082, 30.571668], [114.671082, 30.571668], [114.671082, 30.571668]], "draw_points": []}