{"mapId": "1458632338594308097", "sampling_points": [[114.52402, 30.506119]], "path_points": [[114.524019, 30.506122]]}