{"mapId": "1397858718729355265", "sampling_points": [[114.521556, 30.506639], [114.522072, 30.506639], [114.523618, 30.506639], [114.524134, 30.506639], [114.525681, 30.506639], [114.526196, 30.506195], [114.525681, 30.506195], [114.52465, 30.506195], [114.524134, 30.506195], [114.523618, 30.506195], [114.523103, 30.506195], [114.522587, 30.506195], [114.522072, 30.506195], [114.521556, 30.506195], [114.521041, 30.506195], [114.520525, 30.506195], [114.52001, 30.506195], [114.521556, 30.505751], [114.522072, 30.505751], [114.522587, 30.505751], [114.523103, 30.505751], [114.523618, 30.505751], [114.524134, 30.505751], [114.52465, 30.505751], [114.525165, 30.505751], [114.525681, 30.505751], [114.526196, 30.505751], [114.525681, 30.505307], [114.525165, 30.505307], [114.52465, 30.505307], [114.524134, 30.505307], [114.523618, 30.505307], [114.523103, 30.505307], [114.522587, 30.505307], [114.523103, 30.504862], [114.523618, 30.504862], [114.524134, 30.504862], [114.52465, 30.504862], [114.525165, 30.504862], [114.525681, 30.504862], [114.525165, 30.504418], [114.52465, 30.504418], [114.524134, 30.504418], [114.523618, 30.504418], [114.52465, 30.503974], [114.525165, 30.503974]], "path_points": [[114.522083, 30.506389], [114.52204, 30.506426], [114.521997, 30.506426], [114.521954, 30.506463], [114.521911, 30.506463], [114.521868, 30.5065], [114.521825, 30.5065], [114.521782, 30.506537], [114.521739, 30.506537], [114.521696, 30.506574], [114.521653, 30.506574], [114.52161, 30.506611], [114.521567, 30.506611], [114.521567, 30.506611], [114.52161, 30.506611], [114.521653, 30.506611], [114.521696, 30.506611], [114.521739, 30.506611], [114.521782, 30.506611], [114.521825, 30.506611], [114.521868, 30.506611], [114.521911, 30.506611], [114.521954, 30.506611], [114.521997, 30.506611], [114.52204, 30.506611], [114.522082, 30.506611], [114.522082, 30.506611], [114.522125, 30.506611], [114.522168, 30.506611], [114.522211, 30.506611], [114.522254, 30.506611], [114.522297, 30.506611], [114.52234, 30.506611], [114.522383, 30.506611], [114.522426, 30.506611], [114.522469, 30.506611], [114.522512, 30.506574], [114.522555, 30.506574], [114.522598, 30.506574], [114.522641, 30.506574], [114.522684, 30.506574], [114.522727, 30.506574], [114.52277, 30.506574], [114.522813, 30.506574], [114.522856, 30.506574], [114.522899, 30.506574], [114.522942, 30.506537], [114.522985, 30.506537], [114.523028, 30.506537], [114.523071, 30.506537], [114.523114, 30.506537], [114.523157, 30.506537], [114.5232, 30.506537], [114.523243, 30.506537], [114.523285, 30.506537], [114.523328, 30.506537], [114.523371, 30.506537], [114.523414, 30.506537], [114.523457, 30.506537], [114.5235, 30.506574], [114.523543, 30.506574], [114.523586, 30.506611], [114.523629, 30.506611], [114.523629, 30.506611], [114.523672, 30.506611], [114.523715, 30.506611], [114.523758, 30.506611], [114.523801, 30.506611], [114.523844, 30.506611], [114.523887, 30.506611], [114.52393, 30.506611], [114.523973, 30.506611], [114.524016, 30.506611], [114.524059, 30.506611], [114.524102, 30.506611], [114.524145, 30.506611], [114.524145, 30.506611], [114.524188, 30.506574], [114.524231, 30.506537], [114.524274, 30.5065], [114.524317, 30.506463], [114.52436, 30.506426], [114.524403, 30.506389], [114.524445, 30.506352], [114.524488, 30.506315], [114.524531, 30.506278], [114.524574, 30.506241], [114.524617, 30.506204], [114.52466, 30.506167], [114.52466, 30.50613], [114.524703, 30.506093], [114.524746, 30.506056], [114.524789, 30.506019], [114.524832, 30.506019], [114.524875, 30.506019], [114.524918, 30.506019], [114.524961, 30.506019], [114.525004, 30.505982], [114.525047, 30.505982], [114.52509, 30.505982], [114.525133, 30.505982], [114.525176, 30.505982], [114.525219, 30.505982], [114.525262, 30.505982], [114.525305, 30.506019], [114.525348, 30.506019], [114.525391, 30.506019], [114.525434, 30.506056], [114.525477, 30.506093], [114.525477, 30.50613], [114.525477, 30.506167], [114.525477, 30.506204], [114.525477, 30.506241], [114.52552, 30.506278], [114.52552, 30.506315], [114.525563, 30.506352], [114.525563, 30.506389], [114.525605, 30.506426], [114.525605, 30.506463], [114.525648, 30.5065], [114.525648, 30.506537], [114.525648, 30.506574], [114.525691, 30.506611], [114.525691, 30.506611], [114.525734, 30.506574], [114.525777, 30.506537], [114.52582, 30.5065], [114.525863, 30.506463], [114.525906, 30.506426], [114.525949, 30.506389], [114.525992, 30.506352], [114.526035, 30.506315], [114.526078, 30.506278], [114.526121, 30.506241], [114.526164, 30.506204], [114.526207, 30.506167], [114.52567, 30.506195], [114.525691, 30.506167], [114.525648, 30.506167], [114.525605, 30.506167], [114.525563, 30.506167], [114.52552, 30.50613], [114.525477, 30.506093], [114.525434, 30.506056], [114.525391, 30.506019], [114.525348, 30.506019], [114.525305, 30.506019], [114.525262, 30.505982], [114.525219, 30.505982], [114.525176, 30.505982], [114.525133, 30.505982], [114.52509, 30.505982], [114.525047, 30.505982], [114.525004, 30.505982], [114.524961, 30.506019], [114.524918, 30.506019], [114.524875, 30.506019], [114.524832, 30.506019], [114.524789, 30.506019], [114.524746, 30.506056], [114.524703, 30.506093], [114.52466, 30.50613], [114.52466, 30.506167], [114.52466, 30.506167], [114.524617, 30.506167], [114.524574, 30.506167], [114.524531, 30.506167], [114.524488, 30.506167], [114.524445, 30.506167], [114.524403, 30.506167], [114.52436, 30.506167], [114.524317, 30.506167], [114.524274, 30.506167], [114.524231, 30.506167], [114.524188, 30.506167], [114.524145, 30.506167], [114.523608, 30.506195], [114.523103, 30.506195], [114.522587, 30.506195], [114.522072, 30.506195], [114.521556, 30.506195], [114.521041, 30.506195], [114.520525, 30.506195], [114.520536, 30.506167], [114.520493, 30.506167], [114.52045, 30.506167], [114.520407, 30.506167], [114.520364, 30.506167], [114.520321, 30.506167], [114.520278, 30.506167], [114.520235, 30.506167], [114.520192, 30.506167], [114.520149, 30.506167], [114.520106, 30.506167], [114.520063, 30.506167], [114.52002, 30.506167], [114.52002, 30.506167], [114.520063, 30.506167], [114.520106, 30.506167], [114.520149, 30.506167], [114.520192, 30.506167], [114.520235, 30.506167], [114.520278, 30.506167], [114.520321, 30.50613], [114.520364, 30.506093], [114.520407, 30.506093], [114.52045, 30.506093], [114.520493, 30.506093], [114.520536, 30.506093], [114.520579, 30.506093], [114.520622, 30.506093], [114.520665, 30.506093], [114.520708, 30.506056], [114.520751, 30.506056], [114.520794, 30.506056], [114.520837, 30.506056], [114.52088, 30.506019], [114.520923, 30.506019], [114.520965, 30.505982], [114.521008, 30.505982], [114.521051, 30.505945], [114.521094, 30.505945], [114.521137, 30.505945], [114.52118, 30.505945], [114.521223, 30.505945], [114.521266, 30.505945], [114.521309, 30.505945], [114.521352, 30.505908], [114.521395, 30.505871], [114.521438, 30.505834], [114.521481, 30.505797], [114.521524, 30.505797], [114.521567, 30.50576], [114.522072, 30.50576], [114.522587, 30.50576], [114.523103, 30.50576], [114.523608, 30.50576], [114.524123, 30.50576], [114.524639, 30.50576], [114.525154, 30.50576], [114.52567, 30.50576], [114.525691, 30.50576], [114.525734, 30.50576], [114.525777, 30.50576], [114.52582, 30.50576], [114.525863, 30.50576], [114.525906, 30.50576], [114.525949, 30.50576], [114.525992, 30.50576], [114.526035, 30.50576], [114.526078, 30.50576], [114.526121, 30.50576], [114.526164, 30.50576], [114.526207, 30.50576], [114.526207, 30.50576], [114.526164, 30.505723], [114.526121, 30.505686], [114.526078, 30.505649], [114.526035, 30.505612], [114.525992, 30.505575], [114.525949, 30.505538], [114.525906, 30.505501], [114.525863, 30.505464], [114.52582, 30.505427], [114.525777, 30.50539], [114.525734, 30.505353], [114.525691, 30.505316], [114.525154, 30.505316], [114.52465, 30.505316], [114.524134, 30.505316], [114.523608, 30.505316], [114.523103, 30.505316], [114.523114, 30.505316], [114.523071, 30.505316], 