{"mapId": "1434770242236428290", "sampling_points": [], "path_points": [], "draw_points": [[114.524096, 30.506853, 2, 0.1, 200]], "bottle_info": [2, 0.1, 200]}