{"mapId": "1428633390148206594", "sampling_points": [[114.521566, 30.506635], [114.522081, 30.506635], [114.523628, 30.506635], [114.524143, 30.506635], [114.52569, 30.506635], [114.526206, 30.506191], [114.52569, 30.506191], [114.524659, 30.506191], [114.524143, 30.506191], [114.523628, 30.506191], [114.523112, 30.506191], [114.522597, 30.506191], [114.522081, 30.506191], [114.521566, 30.506191], [114.52105, 30.506191], [114.520535, 30.506191], [114.520019, 30.50619], [114.521566, 30.505746], [114.522081, 30.505746], [114.522597, 30.505746], [114.523112, 30.505746], [114.523628, 30.505746], [114.524143, 30.505746], [114.524659, 30.505746], [114.525175, 30.505746], [114.52569, 30.505746], [114.526206, 30.505746], [114.52569, 30.505302], [114.525175, 30.505302], [114.524659, 30.505302], [114.524143, 30.505302], [114.523628, 30.505302], [114.523112, 30.505302], [114.522597, 30.505302], [114.523112, 30.504858], [114.523628, 30.504858], [114.524143, 30.504858], [114.524659, 30.504858], [114.525175, 30.504858], [114.52569, 30.504858], [114.525175, 30.504414], [114.524659, 30.504414], [114.524143, 30.504414], [114.523628, 30.504414], [114.524659, 30.50397], [114.525174, 30.50397]], "path_points": [[114.523993, 30.506431], [114.52395, 30.506431], [114.523907, 30.506431], [114.523864, 30.506431], [114.523821, 30.506431], [114.523778, 30.506431], [114.523735, 30.506431], [114.523692, 30.506431], [114.523649, 30.506431], [114.523606, 30.506431], [114.523563, 30.506431], [114.52352, 30.506431], [114.523477, 30.506431], [114.523435, 30.506431], [114.523392, 30.506431], [114.523349, 30.506431], [114.523306, 30.506431], [114.523263, 30.506431], [114.52322, 30.506431], [114.523177, 30.506431], [114.523134, 30.506431], [114.523091, 30.506431], [114.523048, 30.506431], [114.523005, 30.506431], [114.522962, 30.506431], [114.522919, 30.506431], [114.522876, 30.506431], [114.522833, 30.506431], [114.52279, 30.506431], [114.522747, 30.506431], [114.522704, 30.506431], [114.522661, 30.506431], [114.522618, 30.506431], [114.522575, 30.506431], [114.522532, 30.506431], [114.522489, 30.506431], [114.522446, 30.506431], [114.522403, 30.506431], [114.52236, 30.506431], [114.522317, 30.506431], [114.522275, 30.506431], [114.522232, 30.506431], [114.522189, 30.506431], [114.522146, 30.506431], [114.522103, 30.506431], [114.52206, 30.506431], [114.522017, 30.506431], [114.521974, 30.506468], [114.521931, 30.506468], [114.521888, 30.506505], [114.521845, 30.506505], [114.521802, 30.506542], [114.521759, 30.506542], [114.521716, 30.506579], [114.521673, 30.506579], [114.52163, 30.506616], [114.521587, 30.506616], [114.521587, 30.506616], [114.52163, 30.506616], [114.521673, 30.506616], [114.521716, 30.506616], [114.521759, 30.506616], [114.521802, 30.506616], [114.521845, 30.506616], [114.521888, 30.506616], [114.521931, 30.506616], [114.521974, 30.506616], [114.522017, 30.506616], [114.52206, 30.506616], [114.522103, 30.506616], [114.522103, 30.506616], [114.522146, 30.506616], [114.522189, 30.506616], [114.522232, 30.506616], [114.522275, 30.506616], [114.522317, 30.506616], [114.52236, 30.506616], [114.522403, 30.506616], [114.522446, 30.506616], [114.522489, 30.506616], [114.522532, 30.506579], [114.522575, 30.506579], [114.522618, 30.506579], [114.522661, 30.506579], [114.522704, 30.506579], [114.522747, 30.506579], [114.52279, 30.506579], [114.522833, 30.506579], [114.522876, 30.506542], [114.522919, 30.506542], [114.522962, 30.506542], [114.523005, 30.506542], [114.523048, 30.506542], [114.523091, 30.506542], [114.523134, 30.506542], [114.523177, 30.506542], [114.52322, 30.506542], [114.523263, 30.506542], [114.523306, 30.506542], [114.523349, 30.506542], [114.523392, 30.506542], [114.523435, 30.506542], [114.523477, 30.506542], [114.52352, 30.506579], [114.523563, 30.506579], [114.523606, 30.506616], [114.523649, 30.506616], [114.523649, 30.506616], [114.523692, 30.506616], [114.523735, 30.506616], [114.523778, 30.506616], [114.523821, 30.506616], [114.523864, 30.506616], [114.523907, 30.506616], [114.52395, 30.506616], [114.523993, 30.506616], [114.524036, 30.506616], [114.524079, 30.506616], [114.524122, 30.506616], [114.524165, 30.506616], [114.524165, 30.506616], [114.524208, 30.506579], [114.524251, 30.506542], [114.524294, 30.506505], [114.524337, 30.506468], [114.52438, 30.506431], [114.524423, 30.506394], [114.524466, 30.506357], [114.524509, 30.50632], [114.524552, 30.506283], [114.524595, 30.506246], [114.524637, 30.506209], [114.52468, 30.506172], [114.52468, 30.506135], [114.52468, 30.506098], [114.524723, 30.506061], [114.524766, 30.506024], [114.524809, 30.506024], [114.524852, 30.506024], [114.524895, 30.506024], [114.524938, 30.506024], [114.524981, 30.505987], [114.525024, 30.505987], [114.525067, 30.505987], [114.52511, 30.505987], [114.525153, 30.505987], [114.525196, 30.505987], [114.525239, 30.505987], [114.525282, 30.505987], [114.525325, 30.506024], [114.525368, 30.506024], [114.525411, 30.506024], [114.525454, 30.506061], [114.525454, 30.506098], [114.525497, 30.506135], [114.525497, 30.506172], [114.525497, 30.506209], [114.525497, 30.506246], [114.52554, 30.506283], [114.52554, 30.50632], [114.525583, 30.506357], [114.525583, 30.506394], [114.525626, 30.506431], [114.525626, 30.506468], [114.525669, 30.506505], [114.525669, 30.506542], [114.525669, 30.506579], [114.525712, 30.506616], [114.525712, 30.506616], [114.525755, 30.506579], [114.525797, 30.506542], [114.52584, 30.506505], [114.525883, 30.506468], [114.525926, 30.506431], [114.525969, 30.506394], [114.526012, 30.506357], [114.526055, 30.50632], [114.526098, 30.506283], [114.526141, 30.506246], [114.526184, 30.506209], [114.526227, 30.506172], [114.525679, 30.506191], [114.525712, 30.506172], [114.525669, 30.506172], [114.525626, 30.506172], [114.525583, 30.506172], [114.52554, 30.506135], [114.525497, 30.506098], [114.525454, 30.506061], [114.525411, 30.506024], [114.525368, 30.506024], [114.525325, 30.506024], [114.525282, 30.505987], [114.525239, 30.505987], [114.525196, 30.505987], [114.525153, 30.505987], [114.52511, 30.505987], [114.525067, 30.505987], [114.525024, 30.505987], [114.524981, 30.505987], [114.524938, 30.506024], [114.524895, 30.506024], [114.524852, 30.506024], [114.524809, 30.506024], [114.524766, 30.506024], [114.524723, 30.506061], [114.52468, 30.506098], [114.52468, 30.506135], [114.52468, 30.506172], [114.52468, 30.506172], [114.524637, 30.506172], [114.524595, 30.506172], [114.524552, 30.506172], [114.524509, 30.506172], [114.524466, 30.506172], [114.524423, 30.506172], [114.52438, 30.506172], [114.524337, 30.506172], [114.524294, 30.506172], [114.524251, 30.506172], [114.524208, 30.506172], [114.524165, 30.506172], [114.523628, 30.506191], [114.523112, 30.506191], [114.522597, 30.506191], [114.522081, 30.506191], [114.521566, 30.506191], [114.52105, 30.506191], [114.520535, 30.506191], [114.520556, 30.506172], [114.520513, 30.506172], [114.52047, 30.506172], [114.520427, 30.506172], [114.520384, 30.506172], [114.520341, 30.506172], [114.520298, 30.506172], [114.520255, 30.506172], [114.520212, 30.506172], [114.520169, 30.506172], [114.520126, 30.506172], [114.520083, 30.506172], [114.52004, 30.506172], [114.52004, 30.506172], [114.520083, 30.506172], [114.520126, 30.506172], [114.520169, 30.506172], [114.520212, 30.506172], [114.520255, 30.506172], [114.520298, 30.506172], [114.520341, 30.506135], [114.520384, 30.506098], [114.520427, 30.506098], [114.52047, 30.506098], [114.520513, 30.506098], [114.520556, 30.506098], [114.520599, 30.506098], [114.520642, 30.506098], [114.520685, 30.506098], [114.520728, 30.506061], [114.520771, 30.506061], [114.520814, 30.506024], [114.520857, 30.506024], [114.5209, 30.505987], [114.520943, 30.505987], [114.520986, 30.50595], [114.521029, 30.50595], [114.521072, 30.505913], [114.521115, 30.505913], [114.521157, 30.505913], [114.5212, 30.505913], [114.521243, 30.505913], [114.521286, 30.505876], [114.521329, 30.505839], 