{"mapId": "1435052231011184641", "sampling_points": [[114.523991, 30.507511]], "path_points": [[114.523991, 30.507511]]}