{"mapId": "1397858718729355265", "sampling_points": [[114.523651, 30.506916], [114.524172, 30.506916], [114.525735, 30.506467], [114.524172, 30.506467], [114.523651, 30.506467], [114.52313, 30.506467], [114.52261, 30.506467], [114.522089, 30.506467], [114.521568, 30.506467], [114.521568, 30.506018], [114.522089, 30.506018], [114.52261, 30.506018], [114.52313, 30.506018], [114.523651, 30.506018], [114.524172, 30.506018], [114.524693, 30.506018], [114.525735, 30.506018], [114.526256, 30.506018], [114.525735, 30.505569], [114.525214, 30.505569], [114.524693, 30.505569], [114.524172, 30.505569], [114.523651, 30.505569], [114.52313, 30.505569], [114.52261, 30.505569], [114.522089, 30.505569], [114.52313, 30.505121], [114.523651, 30.505121], [114.524172, 30.505121], [114.524693, 30.505121], [114.525214, 30.505121], [114.525735, 30.505121], [114.525214, 30.504672], [114.524693, 30.504672], [114.524172, 30.504672], [114.523651, 30.504672], [114.524172, 30.504223], [114.524693, 30.504223], [114.525214, 30.504223]], "path_points": [[114.523646, 30.506916], [114.524167, 30.506916], [114.524178, 30.506916], [114.524199, 30.506897], [114.524199, 30.506879], [114.524221, 30.50686], [114.524242, 30.506842], [114.524242, 30.506823], [114.524242, 30.506805], [114.524242, 30.506786], [114.524242, 30.506768], [114.524242, 30.506749], [114.524242, 30.506731], [114.524242, 30.506712], [114.524242, 30.506694], [114.524242, 30.506675], [114.524242, 30.506657], [114.524242, 30.506638], [114.524242, 30.50662], [114.524242, 30.506601], [114.524242, 30.506583], [114.524242, 30.506564], [114.524242, 30.506546], [114.524242, 30.506527], [114.524242, 30.506509], [114.524264, 30.50649], [114.524264, 30.506472], [114.524285, 30.506453], [114.524307, 30.506435], [114.524307, 30.506416], [114.524307, 30.506398], [114.524307, 30.506379], [114.524307, 30.506361], [114.524328, 30.506342], [114.52435, 30.506324], [114.524371, 30.506305], [114.524392, 30.506287], [114.524414, 30.506268], [114.524435, 30.50625], [114.524457, 30.506231], [114.524478, 30.506213], [114.5245, 30.506194], [114.524521, 30.506176], [114.524543, 30.506157], [114.524564, 30.506139], [114.524586, 30.50612], [114.524607, 30.506102], [114.524629, 30.506083], [114.52465, 30.506065], [114.524672, 30.506046], [114.524693, 30.506027], [114.524715, 30.506009], [114.524736, 30.506009], [114.524758, 30.506009], [114.524779, 30.50599], [114.524801, 30.50599], [114.524822, 30.50599], [114.524844, 30.50599], [114.524865, 30.50599], [114.524887, 30.50599], [114.524908, 30.50599], [114.52493, 30.505972], [114.524951, 30.505972], [114.524972, 30.505972], [114.524994, 30.505972], [114.525015, 30.505972], [114.525037, 30.505972], [114.525058, 30.505972], [114.52508, 30.505972], [114.525101, 30.505972], [114.525123, 30.505972], [114.525144, 30.505972], [114.525166, 30.505972], [114.525187, 30.505972], [114.525209, 30.505972], [114.52523, 30.505972], [114.525252, 30.505972], [114.525273, 30.505972], [114.525295, 30.505972], [114.525316, 30.505972], [114.525338, 30.505972], [114.525359, 30.50599], [114.525381, 30.50599], [114.525402, 30.506009], [114.525424, 30.506009], [114.525445, 30.506027], [114.525467, 30.506046], [114.525488, 30.506064], [114.52551, 30.506083], [114.525531, 30.506102], [114.525552, 30.50612], [114.525574, 30.506139], [114.525595, 30.506157], [114.525595, 30.506176], [114.525617, 30.506194], [114.525617, 30.506213], [114.525638, 30.506231], [114.525638, 30.50625], [114.525638, 30.506268], [114.52566, 30.506287], [114.52566, 30.506305], [114.525681, 30.506324], [114.525681, 30.506342], [114.525703, 30.506361], [114.525703, 30.506379], [114.525724, 30.506398], [114.525724, 30.506416], [114.525724, 30.506435], [114.525746, 30.506453], [114.525746, 30.506453], [114.525724, 30.506435], [114.525703, 30.506416], [114.525681, 30.506398], [114.52566, 30.506379], [114.525638, 30.506361], [114.525617, 30.506342], [114.525595, 30.506324], [114.525574, 30.506305], [114.525552, 30.506287], [114.525552, 30.506268], [114.525552, 30.50625], [114.525552, 30.506231], [114.525552, 30.506213], [114.525552, 30.506194], [114.525552, 30.506176], [114.525552, 30.506157], [114.525552, 30.506139], [114.525531, 30.50612], [114.525531, 30.506102], [114.52551, 30.506083], [114.525488, 30.506064], [114.525467, 30.506046], [114.525445, 30.506027], [114.525424, 30.506009], [114.525402, 30.506009], [114.525381, 30.50599], [114.525359, 30.50599], [114.525338, 30.505972], [114.525316, 30.505972], [114.525295, 30.505972], [114.525273, 30.505972], [114.525252, 30.505972], [114.52523, 30.505972], [114.525209, 30.505972], [114.525187, 30.505972], [114.525166, 30.505972], [114.525144, 30.505972], [114.525123, 30.505972], [114.525101, 30.505972], [114.52508, 30.505972], [114.525058, 30.505972], [114.525037, 30.505972], [114.525015, 30.505972], [114.524994, 30.505972], [114.524972, 30.505972], [114.524951, 30.505972], [114.52493, 30.505972], [114.524908, 30.50599], [114.524887, 30.50599], [114.524865, 30.50599], [114.524844, 30.50599], [114.524822, 30.50599], [114.524801, 30.50599], [114.524779, 30.50599], [114.524758, 30.506009], [114.524736, 30.506009], [114.524715, 30.506009], [114.524693, 30.506027], [114.524672, 30.506046], [114.52465, 30.506065], [114.524629, 30.506083], [114.524607, 30.506102], [114.524586, 30.50612], [114.524564, 30.506139], [114.524543, 30.506157], [114.524521, 30.506176], [114.5245, 30.506194], [114.524478, 30.506213], [114.524457, 30.506231], [114.524435, 30.50625], [114.524414, 30.506268], [114.524392, 30.506287], [114.524371, 30.506305], [114.52435, 30.506324], [114.524328, 30.506342], [114.524307, 30.506361], [114.524285, 30.506379], [114.524264, 30.506398], [114.524242, 30.506416], [114.524221, 30.506435], [114.524199, 30.506453], [114.524178, 30.506453], [114.523646, 30.506467], [114.523125, 30.506467], [114.52261, 30.506467], [114.522089, 30.506467], [114.521568, 30.506467], [114.521568, 30.506018], [114.522089, 30.506018], [114.52261, 30.506018], [114.52313, 30.506018], [114.523646, 30.506018], [114.524167, 30.506018], [114.524688, 30.506018], [114.52573, 30.506018], [114.526251, 30.506018], [114.52573, 30.505574], [114.525209, 30.505574], [114.524688, 30.505574], [114.524167, 30.505574], [114.523646, 30.505574], [114.523125, 30.505574], [114.52261, 30.505574], [114.522089, 30.505574], [114.523125, 30.505125], [114.523646, 30.505125], [114.524167, 30.505125], [114.524688, 30.505125], [114.525209, 30.505125], [114.52573, 30.505125], [114.525209, 30.504676], [114.524693, 30.504676], [114.524172, 30.504676], [114.523646, 30.504676], [114.524172, 30.504228], [114.524693, 30.504228], [114.525214, 30.504228]]}