{"mapId": "1397858718729355265", "sampling_points": [[114.523896, 30.506283]], "path_points": [[114.523895, 30.506283]]}