{"mapId": "1433665418824626178", "sampling_points": [[114.52449, 30.50558]], "path_points": [[114.52449, 30.50558]]}