{"mapId": "1458632338594308097", "sampling_points": [[114.52404, 30.505929]], "path_points": [[114.524037, 30.505931]]}