{"mapId": "1434770242236428290", "sampling_points": [[114.524157, 30.506494], [114.523808, 30.506073]], "path_points": [[114.524157, 30.506496], [114.523807, 30.506075]]}