{"mapId": "1434770242236428290", "sampling_points": [[114.523733, 30.505867]], "path_points": [[114.523729, 30.505875]]}