{"mapId": "1458632338594308097", "sampling_points": [[114.525027, 30.505722]], "path_points": [[114.525023, 30.505729]]}