{"mapId": "1428633390148206594", "sampling_points": [[114.523486, 30.506141]], "path_points": [[114.523483, 30.506144]]}