{"mapList": [{"id": "1336964523009081346", "longitudeLatitude": [[114.71090706632224, 30.651061987607562]], "mapData": [[114.68865756157712, 30.680117650065448], [114.68865756157712, 30.670893630237547], [114.68838949525488, 30.67066302974185], [114.68838949525488, 30.66974062775906], [114.68812142893266, 30.669510027263364], [114.68812142893266, 30.66881822577627], [114.68785336261043, 30.668587625280573], [114.68785336261043, 30.66789582379348], [114.68758529628819, 30.66766522329778], [114.68758529628819, 30.666742821314994], [114.68731722996597, 30.666512220819296], [114.68731722996597, 30.665820419332203], [114.68704916364374, 30.665589818836505], [114.68704916364374, 30.661208409418254], [114.6867810973215, 30.660977808922556], [114.6867810973215, 30.66074720842686], [114.68624496467704, 30.660286007435463], [114.68624496467704, 30.660055406939765], [114.68544076571035, 30.659363605452672], [114.68544076571035, 30.659133004956974], [114.68490463306588, 30.65867180396558], [114.68490463306588, 30.65844120346988], [114.68436850042143, 30.65798000247849], [114.68436850042143, 30.65774940198279], [114.68383236777697, 30.657288200991395], [114.68383236777697, 30.657057600495698], [114.6832962351325, 30.656596399504302], [114.6832962351325, 30.656365799008604], [114.68249203616581, 30.65567399752151], [114.68249203616581, 30.655443397025813], [114.68195590352136, 30.65498219603442], [114.68195590352136, 30.654751595538723], [114.6814197708769, 30.654290394547328], [114.6814197708769, 30.65405979405163], [114.68115170455467, 30.653829193555932], [114.68115170455467, 30.653598593060234], [114.68088363823243, 30.653367992564537], [114.68088363823243, 30.65290679157314], [114.68061557191021, 30.652676191077443], [114.68061557191021, 30.652445590581745], [114.68034750558797, 30.65221499008605], [114.68034750558797, 30.651753789094656], [114.68007943926574, 30.651523188598958], [114.68007943926574, 30.65129258810326], [114.67981137294352, 30.651061987607562], [114.67981137294352, 30.650600786616167], [114.67954330662128, 30.65037018612047], [114.67954330662128, 30.65013958562477], [114.67927524029905, 30.649908985129073], [114.67927524029905, 30.649447784137678], [114.67900717397683, 30.649217183641984], [114.67900717397683, 30.648986583146286], [114.6787391076546, 30.648755982650588], [114.6787391076546, 30.648294781659192], [114.67847104133236, 30.648064181163495], [114.67847104133236, 30.647833580667797], [114.67820297501014, 30.6476029801721], [114.67820297501014, 30.647141779180703], [114.6779349086879, 30.646911178685006], [114.6779349086879, 30.646680578189308], [114.67766684236567, 30.64644997769361], [114.67766684236567, 30.645988776702218], [114.67739877604345, 30.64575817620652], [114.67739877604345, 30.645527575710823], [114.67713070972121, 30.645296975215125], [114.67713070972121, 30.64483577422373], [114.67686264339898, 30.64460517372803], [114.67686264339898, 30.644374573232334], [114.67659457707676, 30.644143972736636], [114.67659457707676, 30.64368277174524], [114.67632651075452, 30.643452171249542], [114.67632651075452, 30.643221570753845], [114.67605844443229, 30.64299097025815], [114.67605844443229, 30.642299168771057], [114.67632651075452, 30.64206856827536], [114.67659457707676, 30.64206856827536], [114.67739877604345, 30.641376766788266], [114.67766684236567, 30.641376766788266], [114.6779349086879, 30.641146166292568], [114.6779349086879, 30.64091556579687], [114.67820297501014, 30.640684965301173], [114.67820297501014, 30.640454364805475], [114.67847104133236, 30.640223764309777], [114.67847104133236, 30.639993163814083], [114.6787391076546, 30.639762563318385], [114.6787391076546, 30.63930136232699], [114.67900717397683, 30.63907076183129], [114.67900717397683, 30.6383789603442], [114.67927524029905, 30.6381483598485], [114.67927524029905, 30.63653415637862], [114.67954330662128, 30.63630355588292], [114.67954330662128, 30.635150553404433], [114.68034750558797, 30.635150553404433], [114.68061557191021, 30.634919952908735], [114.68168783719912, 30.634919952908735], [114.68222396984359, 30.63445875191734], [114.68222396984359, 30.63422815142164], [114.68249203616581, 30.633997550925947], [114.68249203616581, 30.631922146464667], [114.68276010248805, 30.63169154596897], [114.68276010248805, 30.63007734249909], [114.68302816881028, 30.62984674200339], [114.6832962351325, 30.62984674200339], [114.68383236777697, 30.629385541011995], [114.6841004340992, 30.629385541011995], [114.68490463306588, 30.628693739524902], [114.68517269938812, 30.628693739524902], [114.68570883203259, 30.628232538533506], [114.68597689835481, 30.628232538533506], [114.68651303099928, 30.627771337542114], [114.6867810973215, 30.627771337542114], [114.68758529628819, 30.62707953605502], [114.68785336261043, 30.62707953605502], [114.68838949525488, 30.626618335063625], [114.68865756157712, 30.626618335063625], [114.68919369422157, 30.62615713407223], [114.68946176054381, 30.62615713407223], [114.68972982686604, 30.625926533576532], [114.6902659595105, 30.625926533576532], [114.69053402583273, 30.625695933080834], [114.69160629112164, 30.625695933080834], [114.69187435744388, 30.625465332585136], [114.69267855641057, 30.625465332585136], [114.6929466227328, 30.62523473208944], [114.69401888802172, 30.62523473208944], [114.69428695434395, 30.62500413159374], [114.6956272859551, 30.62500413159374], [114.69589535227733, 30.62523473208944], [114.70447347458871, 30.62523473208944], [114.70474154091093, 30.625465332585136], [114.71117513264446, 30.625465332585136], [114.71144319896669, 30.625695933080834], [114.71385579586676, 30.625695933080834], [114.714123862189, 30.625926533576532], [114.7160003264446, 30.625926533576532], [114.71626839276684, 30.62615713407223], [114.71868098966691, 30.62615713407223], [114.71894905598914, 30.626387734567928], [114.72082552024476, 30.626387734567928], [114.72109358656698, 30.626618335063625], [114.72323811714483, 30.626618335063625], [114.72350618346705, 30.626848935559323], [114.7256507140449, 30.626848935559323], [114.72591878036712, 30.62707953605502], [114.7283313772672, 30.62707953605502], [114.72859944358943, 30.62731013655072], [114.73074397416727, 30.62731013655072], [114.7310120404895, 30.62707953605502], [114.73128010681174, 30.62707953605502], [114.73154817313396, 30.626848935559323], [114.73208430577843, 30.626848935559323], [114.73235237210065, 30.626618335063625], [114.73262043842288, 30.626618335063625], [114.73288850474512, 30.626387734567928], [114.73315657106734, 30.626387734567928], [114.73342463738958, 30.62615713407223], [114.73396077003403, 30.62615713407223], [114.73422883635627, 30.625926533576532], [114.7344969026785, 30.62615713407223], [114.73530110164519, 30.62615713407223], [114.73556916796741, 30.626387734567928], [114.73610530061188, 30.626387734567928], [114.73610530061188, 30.62707953605502], [114.73637336693412, 30.62731013655072], [114.73637336693412, 30.628232538533506], [114.73664143325634, 30.628463139029204], [114.73664143325634, 30.629154940516298], [114.73690949957857, 30.629385541011995], [114.73690949957857, 30.630307942994786], [114.73717756590081, 30.630538543490484], [114.73717756590081, 30.631460945473272], [114.73744563222303, 30.63169154596897], [114.73744563222303, 30.63261394795176], [114.73771369854526, 30.63284454844746], [114.73771369854526, 30.633536349934552], [114.7379817648675, 30.63376695043025], [114.7379817648675, 30.634689352413037], [114.73824983118972, 30.634919952908735], [114.73824983118972, 30.63653415637862], [114.73851789751195, 30.636764756874317], [114.73851789751195, 30.6383789603442], [114.73878596383419, 30.638609560839896], [114.73878596383419, 30.640223764309777], [114.73905403015641, 30.640454364805475], [114.73905403015641, 30.642299168771057], [114.73932209647865, 30.642529769266755], [114.73932209647865, 30.644143972736636], [114.73959016280088, 30.644374573232334], [114.73959016280088, 30.645988776702218], [114.7398582291231, 30.646219377197912], 